{
    "width": 1280,
    "height": 720,
    "right_intrinsics": [
        [
            453.0813293457031,
            0.0,
            322.2847900390625
        ],
        [
            0.0,
            452.7262878417969,
            262.73028564453125
        ],
        [
            0.0,
            0.0,
            1.0
        ]
    ],
    "left_intrinsics": [
        [
            452.7875061035156,
            0.0,
            315.7747802734375
        ],
        [
            0.0,
            452.5511779785156,
            247.06544494628906
        ],
        [
            0.0,
            0.0,
            1.0
        ]
    ],
    "rotation_left_to_right": [
        [
            0.9999029040336609,
            0.0054573435336351395,
            -0.012822747230529785
        ],
        [
            -0.005400707479566336,
            0.9999755024909973,
            0.004447329789400101
        ],
        [
            0.012846703641116619,
            -0.004377645906060934,
            0.999907910823822
        ]
    ],
    "translation_left_to_right": [
        [
            -7.5175909996032715
        ],
        [
            -0.018091324716806412
        ],
        [
            -0.11235490441322327
        ]
    ]
}