{
    "width": 1280,
    "height": 720,
    "right_intrinsics": [
        [
            906.1626586914062,
            0.0,
            644.569580078125
        ],
        [
            0.0,
            905.4525756835938,
            405.4605712890625
        ],
        [
            0.0,
            0.0,
            1.0
        ]
    ],
    "left_intrinsics": [
        [
            905.5750122070312,
            0.0,
            631.549560546875
        ],
        [
            0.0,
            905.1023559570312,
            374.1308898925781
        ],
        [
            0.0,
            0.0,
            1.0
        ]
    ],
    "rotation_left_to_right": [
        [
            0.9999029040336609,
            0.0054573435336351395,
            -0.012822747230529785
        ],
        [
            -0.005400707479566336,
            0.9999755024909973,
            0.004447329789400101
        ],
        [
            0.012846703641116619,
            -0.004377645906060934,
            0.999907910823822
        ]
    ],
    "translation_left_to_right": [
        [
            -7.5175909996032715
        ],
        [
            -0.018091324716806412
        ],
        [
            -0.11235490441322327
        ]
    ],
    "distortion_left": [
        -1.5991389751434326,
        -1.6446216106414795,
        -0.0010238022077828646,
        -0.00013425534416455775,
        2.8686115741729736,
        -1.6235407590866089,
        -1.5768078565597534,
        2.820852279663086,
        0.0,
        0.0,
        0.0,
        0.0,
        0.0,
        0.0
    ],
    "distortion_right": [
        -0.393329381942749,
        -4.252291679382324,
        -0.0014040342066437006,
        0.0026436944026499987,
        4.226035118103027,
        -0.4298681914806366,
        -4.156813621520996,
        4.163210391998291,
        0.0,
        0.0,
        0.0,
        0.0,
        0.0,
        0.0
    ]
}